<metadata>
	<!--
  This sample removes the class: android.support.v4.content.AsyncTaskLoader.LoadTask:
  <remove-node path="/api/package[@name='android.support.v4.content']/class[@name='AsyncTaskLoader.LoadTask']" />
  
  This sample removes the method: android.support.v4.content.CursorLoader.loadInBackground:
  <remove-node path="/api/package[@name='android.support.v4.content']/class[@name='CursorLoader']/method[@name='loadInBackground']" />
  -->
	<remove-node path="/api/package[starts-with(@name, 'com.actionbarsherlock.internal')]" />
	
	
	<!-- Canonicalize the Java package names -->
	<attr path="/api/package[@name='com.actionbarsherlock']" name="managedName">ActionbarSherlock</attr>
	<attr path="/api/package[@name='com.actionbarsherlock.widget']" name="managedName">ActionbarSherlock.Widget</attr>
	<attr path="/api/package[@name='com.actionbarsherlock.app']" name="managedName">ActionbarSherlock.App</attr>
	<attr path="/api/package[@name='com.actionbarsherlock.view']" name="managedName">ActionbarSherlock.View</attr>
</metadata>