<?xml version="1.0" encoding="utf-8"?>
<resources>
    <string name="ApplicationName">Lab7Fragments</string>
    <string name="blankLine">\n</string>
	<string name="label">"NOAA US Annual Tide Predictions"</string>
	<string name="heading">"Daily Tides"</string>
	<string name="headingAlt">"Daily Tides for "</string>
	<string name="jan">January</string>
	<string name="feb">February</string>
	<string name="mar">March</string>
	<string name="apr">April</string>
	<string name="may">May</string>
	<string name="jun">June</string>
	<string name="jul">July</string>
	<string name="aug">August</string>
	<string name="sep">September</string>
	<string name="oct">October</string>
	<string name="nov">November</string>
	<string name="dec">December</string>
	<string name="low">Low</string>
	<string name="high">High</string>
	<string name="ft">"(ft): "</string>
	<string name="cm">" (cm): "</string>
	<string name="sun">Sunday</string>
	<string name="mon">Monday</string>
	<string name="tue">Tuesday</string>
	<string name="wed">Wednesday</string>
	<string name="thu">Thursday</string>
	<string name="fri">Friday</string>
	<string name="sat">Saturday</string>
	<string name="stationHeading">NOAA US Tide Stations</string>
</resources>
