<doc>
    <assembly>
        <name>MBProgressHUD</name>
    </assembly>
    <members>
        <member name="T:ApiDefinition.Messaging">
            <summary>To be added.</summary>
            <remarks>To be added.</remarks>
        </member>
        <member name="C:ApiDefinition.Messaging">
            <summary>To be added.</summary>
            <remarks>To be added.</remarks>
        </member>
        <member name="M:ApiDefinition.Messaging.UInt32_objc_msgSend_IntPtr_bool(System.IntPtr,System.IntPtr,System.IntPtr,System.Boolean)">
            <param name="receiver">To be added.</param>
            <param name="selector">To be added.</param>
            <param name="arg1">To be added.</param>
            <param name="arg2">To be added.</param>
            <summary>To be added.</summary>
            <returns>To be added.</returns>
            <remarks>To be added.</remarks>
        </member>
        <member name="M:ApiDefinition.Messaging.UInt32_objc_msgSendSuper_IntPtr_bool(System.IntPtr,System.IntPtr,System.IntPtr,System.Boolean)">
            <param name="receiver">To be added.</param>
            <param name="selector">To be added.</param>
            <param name="arg1">To be added.</param>
            <param name="arg2">To be added.</param>
            <summary>To be added.</summary>
            <returns>To be added.</returns>
            <remarks>To be added.</remarks>
        </member>
        <member name="M:ApiDefinition.Messaging.void_objc_msgSend_bool_Double(System.IntPtr,System.IntPtr,System.Boolean,System.Double)">
            <param name="receiver">To be added.</param>
            <param name="selector">To be added.</param>
            <param name="arg1">To be added.</param>
            <param name="arg2">To be added.</param>
            <summary>To be added.</summary>
            <remarks>To be added.</remarks>
        </member>
        <member name="M:ApiDefinition.Messaging.void_objc_msgSend_bool_IntPtr_IntPtr(System.IntPtr,System.IntPtr,System.Boolean,System.IntPtr,System.IntPtr)">
            <param name="receiver">To be added.</param>
            <param name="selector">To be added.</param>
            <param name="arg1">To be added.</param>
            <param name="arg2">To be added.</param>
            <param name="arg3">To be added.</param>
            <summary>To be added.</summary>
            <remarks>To be added.</remarks>
        </member>
        <member name="M:ApiDefinition.Messaging.void_objc_msgSend_bool_IntPtr_IntPtr_IntPtr(System.IntPtr,System.IntPtr,System.Boolean,System.IntPtr,System.IntPtr,System.IntPtr)">
            <param name="receiver">To be added.</param>
            <param name="selector">To be added.</param>
            <param name="arg1">To be added.</param>
            <param name="arg2">To be added.</param>
            <param name="arg3">To be added.</param>
            <param name="arg4">To be added.</param>
            <summary>To be added.</summary>
            <remarks>To be added.</remarks>
        </member>
        <member name="M:ApiDefinition.Messaging.void_objc_msgSendSuper_bool_Double(System.IntPtr,System.IntPtr,System.Boolean,System.Double)">
            <param name="receiver">To be added.</param>
            <param name="selector">To be added.</param>
            <param name="arg1">To be added.</param>
            <param name="arg2">To be added.</param>
            <summary>To be added.</summary>
            <remarks>To be added.</remarks>
        </member>
        <member name="M:ApiDefinition.Messaging.void_objc_msgSendSuper_bool_IntPtr_IntPtr(System.IntPtr,System.IntPtr,System.Boolean,System.IntPtr,System.IntPtr)">
            <param name="receiver">To be added.</param>
            <param name="selector">To be added.</param>
            <param name="arg1">To be added.</param>
            <param name="arg2">To be added.</param>
            <param name="arg3">To be added.</param>
            <summary>To be added.</summary>
            <remarks>To be added.</remarks>
        </member>
        <member name="M:ApiDefinition.Messaging.void_objc_msgSendSuper_bool_IntPtr_IntPtr_IntPtr(System.IntPtr,System.IntPtr,System.Boolean,System.IntPtr,System.IntPtr,System.IntPtr)">
            <param name="receiver">To be added.</param>
            <param name="selector">To be added.</param>
            <param name="arg1">To be added.</param>
            <param name="arg2">To be added.</param>
            <param name="arg3">To be added.</param>
            <param name="arg4">To be added.</param>
            <summary>To be added.</summary>
            <remarks>To be added.</remarks>
        </member>
        <member name="T:MBProgressHUD.MBProgressHUDAnimation">
            <summary>To be added.</summary>
            <remarks>To be added.</remarks>
        </member>
        <member name="F:MBProgressHUD.MBProgressHUDAnimation.MBProgressHUDAnimationFade">
            <summary>To be added.</summary>
        </member>
        <member name="F:MBProgressHUD.MBProgressHUDAnimation.MBProgressHUDAnimationZoom">
            <summary>To be added.</summary>
        </member>
        <member name="F:MBProgressHUD.MBProgressHUDAnimation.MBProgressHUDAnimationZoomIn">
            <summary>To be added.</summary>
        </member>
        <member name="F:MBProgressHUD.MBProgressHUDAnimation.MBProgressHUDAnimationZoomOut">
            <summary>To be added.</summary>
        </member>
        <member name="T:MBProgressHUD.MBProgressHUDCompletionHandler">
            <summary>To be added.</summary>
            <remarks>To be added.</remarks>
        </member>
        <member name="T:MBProgressHUD.MBProgressHUDDelegate">
            <summary>To be added.</summary>
            <remarks>To be added.</remarks>
        </member>
        <member name="C:MBProgressHUD.MBProgressHUDDelegate">
            <summary>To be added.</summary>
            <remarks>To be added.</remarks>
        </member>
        <member name="C:MBProgressHUD.MBProgressHUDDelegate(MonoTouch.Foundation.NSCoder)">
            <param name="coder">To be added.</param>
            <summary>To be added.</summary>
            <remarks>To be added.</remarks>
        </member>
        <member name="C:MBProgressHUD.MBProgressHUDDelegate(MonoTouch.Foundation.NSObjectFlag)">
            <param name="t">To be added.</param>
            <summary>To be added.</summary>
            <remarks>To be added.</remarks>
        </member>
        <member name="C:MBProgressHUD.MBProgressHUDDelegate(System.IntPtr)">
            <param name="handle">To be added.</param>
            <summary>To be added.</summary>
            <remarks>To be added.</remarks>
        </member>
        <member name="M:MBProgressHUD.MBProgressHUDDelegate.HudWasHidden(MBProgressHUD.MTMBProgressHUD)">
            <param name="hud">To be added.</param>
            <summary>To be added.</summary>
            <remarks>To be added.</remarks>
        </member>
        <member name="T:MBProgressHUD.MBProgressHUDMode">
            <summary>To be added.</summary>
            <remarks>To be added.</remarks>
        </member>
        <member name="F:MBProgressHUD.MBProgressHUDMode.AnnularDeterminate">
            <summary>To be added.</summary>
        </member>
        <member name="F:MBProgressHUD.MBProgressHUDMode.CustomView">
            <summary>To be added.</summary>
        </member>
        <member name="F:MBProgressHUD.MBProgressHUDMode.Determinate">
            <summary>To be added.</summary>
        </member>
        <member name="F:MBProgressHUD.MBProgressHUDMode.Indeterminate">
            <summary>To be added.</summary>
        </member>
        <member name="F:MBProgressHUD.MBProgressHUDMode.Text">
            <summary>To be added.</summary>
        </member>
        <member name="T:MBProgressHUD.MBRoundProgressView">
            <summary>To be added.</summary>
            <remarks>To be added.</remarks>
        </member>
        <member name="C:MBProgressHUD.MBRoundProgressView">
            <summary>To be added.</summary>
            <remarks>To be added.</remarks>
        </member>
        <member name="C:MBProgressHUD.MBRoundProgressView(MonoTouch.Foundation.NSCoder)">
            <param name="coder">To be added.</param>
            <summary>To be added.</summary>
            <remarks>To be added.</remarks>
        </member>
        <member name="C:MBProgressHUD.MBRoundProgressView(MonoTouch.Foundation.NSObjectFlag)">
            <param name="t">To be added.</param>
            <summary>To be added.</summary>
            <remarks>To be added.</remarks>
        </member>
        <member name="C:MBProgressHUD.MBRoundProgressView(System.IntPtr)">
            <param name="handle">To be added.</param>
            <summary>To be added.</summary>
            <remarks>To be added.</remarks>
        </member>
        <member name="P:MBProgressHUD.MBRoundProgressView.Annular">
            <summary>To be added.</summary>
            <value>To be added.</value>
            <remarks>To be added.</remarks>
        </member>
        <member name="P:MBProgressHUD.MBRoundProgressView.BackgroundTintColor">
            <summary>To be added.</summary>
            <value>To be added.</value>
            <remarks>To be added.</remarks>
        </member>
        <member name="P:MBProgressHUD.MBRoundProgressView.ClassHandle">
            <summary>To be added.</summary>
            <value>To be added.</value>
            <remarks>To be added.</remarks>
        </member>
        <member name="M:MBProgressHUD.MBRoundProgressView.Dispose(System.Boolean)">
            <param name="disposing">To be added.</param>
            <summary>To be added.</summary>
            <remarks>To be added.</remarks>
        </member>
        <member name="P:MBProgressHUD.MBRoundProgressView.Progress">
            <summary>To be added.</summary>
            <value>To be added.</value>
            <remarks>To be added.</remarks>
        </member>
        <member name="P:MBProgressHUD.MBRoundProgressView.ProgressTintColor">
            <summary>To be added.</summary>
            <value>To be added.</value>
            <remarks>To be added.</remarks>
        </member>
        <member name="T:MBProgressHUD.MTMBProgressHUD">
            <summary>To be added.</summary>
            <remarks>To be added.</remarks>
        </member>
        <member name="C:MBProgressHUD.MTMBProgressHUD">
            <summary>To be added.</summary>
            <remarks>To be added.</remarks>
        </member>
        <member name="C:MBProgressHUD.MTMBProgressHUD(MonoTouch.Foundation.NSCoder)">
            <param name="coder">To be added.</param>
            <summary>To be added.</summary>
            <remarks>To be added.</remarks>
        </member>
        <member name="C:MBProgressHUD.MTMBProgressHUD(MonoTouch.Foundation.NSObjectFlag)">
            <param name="t">To be added.</param>
            <summary>To be added.</summary>
            <remarks>To be added.</remarks>
        </member>
        <member name="C:MBProgressHUD.MTMBProgressHUD(MonoTouch.UIKit.UIView)">
            <param name="view">To be added.</param>
            <summary>To be added.</summary>
            <remarks>To be added.</remarks>
        </member>
        <member name="C:MBProgressHUD.MTMBProgressHUD(MonoTouch.UIKit.UIWindow)">
            <param name="window">To be added.</param>
            <summary>To be added.</summary>
            <remarks>To be added.</remarks>
        </member>
        <member name="C:MBProgressHUD.MTMBProgressHUD(System.IntPtr)">
            <param name="handle">To be added.</param>
            <summary>To be added.</summary>
            <remarks>To be added.</remarks>
        </member>
        <member name="M:MBProgressHUD.MTMBProgressHUD.AllHUDsForView(MonoTouch.UIKit.UIView)">
            <param name="view">To be added.</param>
            <summary>To be added.</summary>
            <returns>To be added.</returns>
            <remarks>To be added.</remarks>
        </member>
        <member name="P:MBProgressHUD.MTMBProgressHUD.AnimationType">
            <summary>To be added.</summary>
            <value>To be added.</value>
            <remarks>To be added.</remarks>
        </member>
        <member name="P:MBProgressHUD.MTMBProgressHUD.ClassHandle">
            <summary>To be added.</summary>
            <value>To be added.</value>
            <remarks>To be added.</remarks>
        </member>
        <member name="P:MBProgressHUD.MTMBProgressHUD.Color">
            <summary>To be added.</summary>
            <value>To be added.</value>
            <remarks>To be added.</remarks>
        </member>
        <member name="P:MBProgressHUD.MTMBProgressHUD.CompletionHandler">
            <summary>To be added.</summary>
            <value>To be added.</value>
            <remarks>To be added.</remarks>
        </member>
        <member name="P:MBProgressHUD.MTMBProgressHUD.CustomView">
            <summary>To be added.</summary>
            <value>To be added.</value>
            <remarks>To be added.</remarks>
        </member>
        <member name="P:MBProgressHUD.MTMBProgressHUD.Delegate">
            <summary>To be added.</summary>
            <value>To be added.</value>
            <remarks>To be added.</remarks>
        </member>
        <member name="P:MBProgressHUD.MTMBProgressHUD.DetailsLabelFont">
            <summary>To be added.</summary>
            <value>To be added.</value>
            <remarks>To be added.</remarks>
        </member>
        <member name="P:MBProgressHUD.MTMBProgressHUD.DetailsLabelText">
            <summary>To be added.</summary>
            <value>To be added.</value>
            <remarks>To be added.</remarks>
        </member>
        <member name="E:MBProgressHUD.MTMBProgressHUD.DidHide">
            <summary>To be added.</summary>
            <remarks>To be added.</remarks>
        </member>
        <member name="P:MBProgressHUD.MTMBProgressHUD.DimBackground">
            <summary>To be added.</summary>
            <value>To be added.</value>
            <remarks>To be added.</remarks>
        </member>
        <member name="M:MBProgressHUD.MTMBProgressHUD.Dispose(System.Boolean)">
            <param name="disposing">To be added.</param>
            <summary>To be added.</summary>
            <remarks>To be added.</remarks>
        </member>
        <member name="P:MBProgressHUD.MTMBProgressHUD.GraceTime">
            <summary>To be added.</summary>
            <value>To be added.</value>
            <remarks>To be added.</remarks>
        </member>
        <member name="M:MBProgressHUD.MTMBProgressHUD.Hide(System.Boolean)">
            <param name="animated">To be added.</param>
            <summary>To be added.</summary>
            <remarks>To be added.</remarks>
        </member>
        <member name="M:MBProgressHUD.MTMBProgressHUD.Hide(System.Boolean,System.Double)">
            <param name="animated">To be added.</param>
            <param name="delay">To be added.</param>
            <summary>To be added.</summary>
            <remarks>To be added.</remarks>
        </member>
        <member name="M:MBProgressHUD.MTMBProgressHUD.HideAllHUDs(MonoTouch.UIKit.UIView,System.Boolean)">
            <param name="view">To be added.</param>
            <param name="animated">To be added.</param>
            <summary>To be added.</summary>
            <returns>To be added.</returns>
            <remarks>To be added.</remarks>
        </member>
        <member name="M:MBProgressHUD.MTMBProgressHUD.HideHUD(MonoTouch.UIKit.UIView,System.Boolean)">
            <param name="view">To be added.</param>
            <param name="animated">To be added.</param>
            <summary>To be added.</summary>
            <returns>To be added.</returns>
            <remarks>To be added.</remarks>
        </member>
        <member name="M:MBProgressHUD.MTMBProgressHUD.HUDForView(MonoTouch.UIKit.UIView)">
            <param name="view">To be added.</param>
            <summary>To be added.</summary>
            <returns>To be added.</returns>
            <remarks>To be added.</remarks>
        </member>
        <member name="P:MBProgressHUD.MTMBProgressHUD.LabelFont">
            <summary>To be added.</summary>
            <value>To be added.</value>
            <remarks>To be added.</remarks>
        </member>
        <member name="P:MBProgressHUD.MTMBProgressHUD.LabelText">
            <summary>To be added.</summary>
            <value>To be added.</value>
            <remarks>To be added.</remarks>
        </member>
        <member name="P:MBProgressHUD.MTMBProgressHUD.Margin">
            <summary>To be added.</summary>
            <value>To be added.</value>
            <remarks>To be added.</remarks>
        </member>
        <member name="P:MBProgressHUD.MTMBProgressHUD.MinShowTime">
            <summary>To be added.</summary>
            <value>To be added.</value>
            <remarks>To be added.</remarks>
        </member>
        <member name="P:MBProgressHUD.MTMBProgressHUD.MinSize">
            <summary>To be added.</summary>
            <value>To be added.</value>
            <remarks>To be added.</remarks>
        </member>
        <member name="P:MBProgressHUD.MTMBProgressHUD.Mode">
            <summary>To be added.</summary>
            <value>To be added.</value>
            <remarks>To be added.</remarks>
        </member>
        <member name="P:MBProgressHUD.MTMBProgressHUD.Opacity">
            <summary>To be added.</summary>
            <value>To be added.</value>
            <remarks>To be added.</remarks>
        </member>
        <member name="P:MBProgressHUD.MTMBProgressHUD.Progress">
            <summary>To be added.</summary>
            <value>To be added.</value>
            <remarks>To be added.</remarks>
        </member>
        <member name="P:MBProgressHUD.MTMBProgressHUD.RemoveFromSuperViewOnHide">
            <summary>To be added.</summary>
            <value>To be added.</value>
            <remarks>To be added.</remarks>
        </member>
        <member name="M:MBProgressHUD.MTMBProgressHUD.Show(System.Boolean)">
            <param name="animated">To be added.</param>
            <summary>To be added.</summary>
            <remarks>To be added.</remarks>
        </member>
        <member name="M:MBProgressHUD.MTMBProgressHUD.Show(System.Boolean,MBProgressHUD.NSDispatchHandlerT)">
            <param name="animated">To be added.</param>
            <param name="whileExecutingHandler">To be added.</param>
            <summary>To be added.</summary>
            <remarks>To be added.</remarks>
        </member>
        <member name="M:MBProgressHUD.MTMBProgressHUD.Show(System.Boolean,MBProgressHUD.NSDispatchHandlerT,MBProgressHUD.MBProgressHUDCompletionHandler)">
            <param name="animated">To be added.</param>
            <param name="whileExecutingHandler">To be added.</param>
            <param name="completionHandler">To be added.</param>
            <summary>To be added.</summary>
            <remarks>To be added.</remarks>
        </member>
        <member name="M:MBProgressHUD.MTMBProgressHUD.Show(System.Boolean,MBProgressHUD.NSDispatchHandlerT,MonoTouch.CoreFoundation.DispatchQueue)">
            <param name="animated">To be added.</param>
            <param name="whileExecutingHandler">To be added.</param>
            <param name="queue">To be added.</param>
            <summary>To be added.</summary>
            <remarks>To be added.</remarks>
        </member>
        <member name="M:MBProgressHUD.MTMBProgressHUD.Show(MonoTouch.ObjCRuntime.Selector,MonoTouch.Foundation.NSObject,MonoTouch.Foundation.NSObject,System.Boolean)">
            <param name="method">To be added.</param>
            <param name="target">To be added.</param>
            <param name="aObject">To be added.</param>
            <param name="animated">To be added.</param>
            <summary>To be added.</summary>
            <remarks>To be added.</remarks>
        </member>
        <member name="M:MBProgressHUD.MTMBProgressHUD.Show(System.Boolean,MBProgressHUD.NSDispatchHandlerT,MonoTouch.CoreFoundation.DispatchQueue,MBProgressHUD.MBProgressHUDCompletionHandler)">
            <param name="animated">To be added.</param>
            <param name="whileExecutingHandler">To be added.</param>
            <param name="queue">To be added.</param>
            <param name="completionHandler">To be added.</param>
            <summary>To be added.</summary>
            <remarks>To be added.</remarks>
        </member>
        <member name="M:MBProgressHUD.MTMBProgressHUD.ShowHUD(MonoTouch.UIKit.UIView,System.Boolean)">
            <param name="view">To be added.</param>
            <param name="animated">To be added.</param>
            <summary>To be added.</summary>
            <returns>To be added.</returns>
            <remarks>To be added.</remarks>
        </member>
        <member name="P:MBProgressHUD.MTMBProgressHUD.Square">
            <summary>To be added.</summary>
            <value>To be added.</value>
            <remarks>To be added.</remarks>
        </member>
        <member name="P:MBProgressHUD.MTMBProgressHUD.TaskInProgress">
            <summary>To be added.</summary>
            <value>To be added.</value>
            <remarks>To be added.</remarks>
        </member>
        <member name="P:MBProgressHUD.MTMBProgressHUD.WeakDelegate">
            <summary>To be added.</summary>
            <value>To be added.</value>
            <remarks>To be added.</remarks>
        </member>
        <member name="P:MBProgressHUD.MTMBProgressHUD.XOffset">
            <summary>To be added.</summary>
            <value>To be added.</value>
            <remarks>To be added.</remarks>
        </member>
        <member name="P:MBProgressHUD.MTMBProgressHUD.YOffset">
            <summary>To be added.</summary>
            <value>To be added.</value>
            <remarks>To be added.</remarks>
        </member>
        <member name="T:MBProgressHUD.NSDispatchHandlerT">
            <summary>To be added.</summary>
            <remarks>To be added.</remarks>
        </member>
    </members>
</doc>
