<?xml version="1.0" encoding="utf-8" ?>
<resources>
  <string name="app_name" >Evolve Lite</string>

  <!-- Labels for the TabWidget -->
  <string name="activity_speakers_label" >Speakers</string>
  <string name="activity_sessions_label" >Sessions</string>
  <string name="activity_about_label" >About</string>

  <plurals name="speaker_sessions" >
    <item quantity="one" >One session.</item>
    <item quantity="other" >%d sessions.</item>
  </plurals>

  <!-- String resources for menus -->
  <string name="menu_refresh_data" >Update</string>

  <!-- String resources to use when retrieving data. -->
  <string name="loading_sessions_json_message">Building speaker list...</string>
  <string name="loading_sessions_json_title">Speakers</string>
  <string name="downloading_sessions_json_message" >Downloading data...</string>
  <string name="downloading_sessions_json_title" >Updating</string>
</resources>